Workbook

Sheet Günlük İşlemler
D1: =SUM(D3:D1048576) -> 8320 | E1: =SUM(E3:E1048576) -> 3850 | F1: =SUM(F3:F1048576) -> 0 | G1: =SUM(G3:G1048576) -> 1200 | H1: =SUM(H3:H1048576) -> 2920 | I1: =SUM(I3:I1048576) -> 500 | J1: =SUM(J3:J1048576) -> 3000
A2: Tarih | B2: Fiş No | C2: Açıklama | D2: Nakit TL | E2: Nakit Eur | F2: Nakit Gbp | G2: Nakit Usd | H2: Pos | I2: Havale | J2: Kredili | K2: Toplam Satış | L2: Cari Adı | M2: Notlar
A3: 01.01.2026 | B3: 001 | C3: Açılış Bakiyesi | D3: 5000 | K3: {=SUM(IF(D3:J3>0,D3:J3,0))} -> 5000 | M3: Kasa Devir
A4: 01.01.2026 | B4: 002 | C4: Masa 1 - #970970 Nolu Adisyon | D4: 3000
A5: 01.01.2026 | B5: 003 | C5: Masa 2 - #190190 Nolu Adisyon | H5: 2000 | I5: 500
A6: 01.01.2026 | B6: 004 | C6: Masa 3 - Kredili | J6: 3000 | L6: Ahmet Yılmaz | M6: Veresiye
A7: 01.01.2026 | B7: 005 | C7: Sebze Alımı | E7: 850 | L7: - | M7: Pazar
A8: 01.01.2026 | B8: 006 | C8: Masa 4 - Havale | H8: 920 | L8: -
A9: 01.01.2026 | B9: 007 | C9: Elektrik Faturası | G9: 1200 | L9: -
A10: 01.01.2026 | B10: 008 | C10: Masa 5 - Nakit | D10: 320 | L10: -
A11: 01.01.2026 | B11: 009 | C11: Kredili Tahsilat | L11: Mehmet Demir | M11: Kısmi ödeme
A12: 01.01.2026 | B12: 010 | C12: Personel Maaş | E12: 3000 | L12: - | M12: Garson

Sheet Kredili Hesaplar
A1: Müşteri Adı | B1: Toplam Borç | C1: Ödenen | D1: Kalan Borç | E1: Son İşlem Tarihi | F1: Telefon | G1: Notlar
A2: Ahmet Yılmaz | B2: 1250 | C2: 0 | D2: =B2-C2 -> 1250 | E2: 01.01.2026 | F2: 0532 123 4567
A3: Mehmet Demir | B3: 2000 | C3: 500 | D3: =B3-C3 -> 1500 | E3: 01.01.2026 | F3: 0533 234 5678
A4: Ayşe Kaya | B4: 750 | C4: 0 | D4: =B4-C4 -> 750 | E4: 28.12.2025 | F4: 0534 345 6789
A5: Fatma Öz | B5: 1500 | C5: 1000 | D5: =B5-C5 -> 500 | E5: 30.12.2025 | F5: 0535 456 7890
A7: TOPLAM | B7: =SUM(B2:B6) -> 5500 | C7: =SUM(C2:C6) -> 1500 | D7: =SUM(D2:D6) -> 4000

Sheet Aylık Rapor
A1: AYLIK KASA RAPORU
A3: Ödeme Yöntemi | B3: Giriş | C3: Çıkış | D3: Net | E3: Yüzde
A4: Nakit | B4: =SUM('Günlük İşlemler'!D:D) -> 16640 | C4: =SUM('Günlük İşlemler'!E:E) -> 7700 | D4: =B4-C4 -> 8940 | E4: =D4/$D$10 -> #REF!
A5: POS | B5: =SUM('Günlük İşlemler'!F:F) -> 0 | C5: =SUM('Günlük İşlemler'!G:G) -> 2400 | D5: =B5-C5 -> -2400 | E5: =D5/$D$10 -> #REF!
A6: Havale | B6: =SUM('Günlük İşlemler'!H:H) -> 5840 | C6: =SUM('Günlük İşlemler'!I:I) -> 1000 | D6: =B6-C6 -> 4840 | E6: =D6/$D$10 -> #REF!
A7: Çek/Senet | B7: =SUM('Günlük İşlemler'!J:J) -> 6000 | C7: =SUM('Günlük İşlemler'!#REF!) -> #REF! | D7: =B7-C7 -> #REF! | E7: =D7/$D$10 -> #REF!
A8: Kredili Satış | B8: =SUM('Günlük İşlemler'!#REF!) -> #REF! | C8: 0 | D8: =B8-C8 -> #REF! | E8: =D8/$D$10 -> #REF!
A9: Kredili Tahsilat | B9: =SUM('Günlük İşlemler'!#REF!) -> #REF! | C9: 0 | D9: =B9-C9 -> #REF! | E9: =D9/$D$10 -> #REF!
A10: TOPLAM | B10: =SUM(B4:B9) -> #REF! | C10: =SUM(C4:C9) -> #REF! | D10: =SUM(D4:D9) -> #REF! | E10: 100%
